Date,Document Type,Title,Source,URL,Focus Area,Verification Notes
2025-05-08,PDF,Personal Safety Guide,"University of California, Davis (ucdc.edu)",https://www.ucdc.edu/sites/default/files/uploads/documents/Other/Personal%20Safety.pdf,Self-defense strategies,Verified university source; practical guide for personal safety in various scenarios
2025-05-08,Article,	Basic Street Safety for Women	,instructables.com,https://www.instructables.com/Basic-Street-Safety-for-Women/,"Self-defense strategies, Urban safety protocols"," practical, scenario-based safety tips"
2025-05-08,Article,Top self-defence techniques you need to teach your child,Times of India,https://timesofindia.indiatimes.com/life-style/parenting/moments/top-self-defence-techniques-you-need-to-teach-your-child/photostory/84403284.cms,Self-defense strategies,Published by a reputable news outlet; provides practical self-defense techniques for children.
2025-05-08,Article,Teaching Self-Defense Techniques for Protection,littleexplainers.com,https://www.littleexplainers.com/self-defense-techniques/,Self-defense strategies,Provides practical self-defense techniques applicable in various situations.
2025-05-08,Article,Basic Self-Defense,deepsentinel.com,https://www.deepsentinel.com/blogs/home-security/basic-self-defense/?srsltid=AfmBOorJEL_pcTwo1rhJmSMnNOOO-ttV9CPpdhWqKO6IfpZWJW2sWbZG,Self-defense strategies,Provides comprehensive self-defense techniques and strategies applicable in various situations.
2025-05-08,Article,7 Self-Defense Moves You Absolutely Should Know and Practice Regularly,realsimple.com,https://www.realsimple.com/health/preventative-health/safety/4-essential-self-defense-moves-everyone-should-know,Self-defense strategies,"Verified, beginner-friendly techniques"
2025-05-08,Article,5 Self-defense tricks to handle eve-teasers,Times of India,https://timesofindia.indiatimes.com/life-style/health-fitness/fitness/5-self-defense-tricks-to-handle-eve-teasers/articleshow/11601026.cms,Self-defense strategies,Provides practical self-defense tips for women to handle eve-teasing situations. Published by a reputable news outlet.
2025-05-08,Article,8 Self-Defense Moves Every Woman Needs to Know,healthline.com,https://www.healthline.com/health/womens-health/self-defense-tips-escape,Self-defense strategies,Provides detailed self-defense techniques for women; published by a reputable health information website.
2025-05-08,Article,3 Self-Defense Strategies Everyone Should Know,campussafetymagazine.com,https://www.campussafetymagazine.com/insights/3-self-defense-strategies-everyone-should-know/130656/,Self-defense strategies,"Provides comprehensive self-defense strategies focusing on awareness, boundary setting, and physical defense; published by a reputable safety-focused magazine."
2025-05-08,Article,	Self-Defense Techniques in Martial Arts Essay,Aithor.co.in,https://aithor.co.in/essay-examples/self-defense-techniques-in-martial-arts-essay,Self-defense strategies,"Provides a comprehensive overview of self-defense techniques in martial arts, including basic and advanced methods, situational awareness, and legal considerations."
2025-05-08,Article,Awareness: A Key to Women’s Self-Defense,secondsight-ts.com,https://www.secondsight-ts.com/threat-assessment-blog/womens-self-defense,Self-Defense Strategies,Discusses the importance of situational awareness in women's self-defense; provides practical tips for personal safety
2025-05-08,Article,6 Self-Defense Basics Everyone Should Know,rightasrain.uwmedicine.org,https://rightasrain.uwmedicine.org/well/prevention/self-defense,Self-Defense Strategies,"Provides practical self-defense tips focusing on awareness, de-escalation, and escape strategies; published by a reputable health organization."
2025-05-08,Article,Self-defence without Karate: a guide for the common man ,onmanorama.com,https://www.onmanorama.com/lifestyle/health/2018/09/19/self-defence-without-karate-a-guide-for-the-common-man.html,Self-Defense Strategies,Verified health guide article; practical self-defense tips for the common person
2025-05-08,Article,10 Self Defense Strategies Every Woman Needs To Know | Girls Who Fight,girlswhofight.co,https://www.girlswhofight.co/post/ten-self-defense-strategies-women-need-to-know,Self-Defense Strategies,"Verified self-defense strategies tailored for women; emphasizes awareness, instincts, and confidence"
2025-05-08,Article,How to Defend Yourself - wikiHow,wikihow.com,https://www.wikihow.com/Defend-Yourself,Self-Defense Strategies,"Reliable online source; guide on self-defense techniques, offering practical advice "
2025-05-08,Article,Situational Awareness: Your Primary Weapon in Self-Defense,cvpsd.org,https://www.cvpsd.org/post/situational-awareness-your-primary-weapon-in-self-defense,Self-Defense Strategies,Verified nonprofit resource; emphasizes the importance of situational awareness as a foundational self-defense skill.
2025-05-08,Article,6 Self Defence Tips All Women Need to Know to Stay Safe,streetwisedefence.com,https://www.streetwisedefence.com/blog/self-defence-tips-for-women,Self-Defense Strategies,"Verified UK-based self-defense training provider; practical advice emphasizing awareness, mindset, and realistic strategies for women's safety."
2025-05-09,Article,10 Basic Self-Defence Tips That Every Woman Should Know,scoopwhoop.com,https://www.scoopwhoop.com/life/12-basic-selfdefence-tips-that-every-woman-should-know/,Self-Defense Strategies,"Verified, accessible advice"
2025-05-09,Article,4 Powerful Self-Defense Tips for Seniors To Stay Safe,medbox.com,https://medbox.com/self-defense-for-seniors/,Self-Defense Strategies (Elderly),"Verified health resource; practical self-defense strategies tailored for seniors, emphasizing awareness, non-resistance, and targeted techniques."
2025-05-09,Article,	Women’s Self-Defense: 7 Practical Tips for Staying Safe,preventiveapproach.com,https://preventiveapproach.com/womens-self-defense-tips/,Self-Defense Strategies,"Verified, actionable guidance"
2025-05-09,Article,Protecting yourself | nidirect,nidirect.gov.uk,https://www.nidirect.gov.uk/articles/protecting-yourself,Urban Safety Protocols,"Verified UK government resource; offers comprehensive guidance on personal safety, situational awareness, and legal aspects of self-defense."
2025-05-09,Article,Smart Tips for City Safety | Women Safety App,women.imsafe.app,https://women.imsafe.app/post/urban-safety-101-how-to-navigate-public-spaces-and-stay-alert-in-cities,Urban Safety Protocols,"Verified safety-focused blog; offers practical urban safety tips emphasizing situational awareness, route planning, and emergency preparedness."
2025-05-09,Article,How to Stay Safe at Night - wikiHow,wikihow.com,https://www.wikihow.com/Stay-Safe-at-Night,Urban Safety Protocols,"Reliable online guide; advice on staying safe during nighttime activities, emphasizing awareness and precautionary measures."
2025-05-09,PDF,Urban Crime Safety | Allied Universal,aus.com,https://www.aus.com/sites/default/files/inline-files/urban%20crime%20safety.pdf,Urban Safety Protocols,"Verified corporate security resource; provides practical safety tips for urban environments, including personal safety, apartment security, and situational awareness."
2025-05-09,Article,Safety Tips for Nighttime Outings: Navigating Urban Environments Wisel.,cprguardian.com,https://www.cprguardian.com/blogs/latest-dementia-news-and-updates/safety-tips-for-nighttime-outings-navigating-urban-environments-wisely?srsltid=AfmBOorli4mMK3A_D3SQgSb4xxO4-ZSxLWMNUVst3aqGAlNC8SEADzJP,Urban Safety Protocols,"Verified; offers practical nighttime safety tips for urban environments, emphasizing planning, awareness, and the use of personal alarms."
2025-05-09,Article,"How to be Streetwise and Safe | Irving, TX - Official Website",cityofirving.org,https://www.cityofirving.org/874/How-to-be-Streetwise-and-Safe,Urban Safety Protocols,"Verified government resource; comprehensive safety guide covering situational awareness, safe travel practices, and crime prevention strategies."
2025-05-09,Article,7 Step Guide to Staying Safe on Dark Nights,streetwisedefence.com,https://www.streetwisedefence.com/blog/stay-safe-dark-nights,Urban Safety Protocols,"Verified self-defense resource; provides practical steps for staying safe during dark hours, including planning, awareness, and communication strategies."
2025-05-09,Article,"After Dark Safety Tips | National Protective Services, Inc.",npsva.com,https://www.npsva.com/blog/after-dark-safety-tips/,Urban Safety Protocols,"Verified security industry source; comprehensive guide offering practical tips for staying safe after dark, including situational awareness, travel planning, and personal security measures."
2025-05-09,PDF,Personal Safety Tips – Walking City Streets,journalism.cuny.edu,https://www.journalism.cuny.edu/wp-content/uploads/2021/05/Crime-Prevention.Walking-2.pdf,Urban Safety Protocols,"Verified educational resource; provides practical tips for personal safety while walking in urban environments, emphasizing awareness and precautionary measures."
2025-05-09,Article,Top safety tips for living in the capital ,ucl.ac.uk,https://www.ucl.ac.uk/estates/our-services/security-ucl/staying-safe-ucl/top-safety-tips-living-capital,Urban Safety Protocols,"Verified university resource; provides comprehensive safety tips for navigating urban environments, emphasizing awareness, personal security, and emergency procedures."
2025-05-09,Article,Personal Safety Tips - Petaluma,cityofpetaluma.org,https://cityofpetaluma.org/personal-safety-tips/,Urban Safety Protocols,"Verified government resource; comprehensive guide offering practical safety tips for various situations, including street precautions, car safety, and public transportation."
2025-05-09,Article,Walking Alone? Remember These 10 Tips,saferwatchapp.com,https://www.saferwatchapp.com/blog/safety-tips-when-walking-alone-at-night/,Urban Safety Protocols,"Verified safety technology provider; offers practical tips for walking alone at night, emphasizing planning, awareness."
2025-05-09,Article,Situational Awareness: Staying Safe in Urban Settings,atr-ltd.co.uk,https://atr-ltd.co.uk/news/urban-situational-awareness/,Urban Safety Protocols,Verified security training provider; offers practical strategies for enhancing situational awareness in urban settings
2025-05-09,Article,Personal Safety Tips & Advice | Peoplesafe,peoplesafe.co.uk,https://peoplesafe.co.uk/blogs/personal-safety-tips-advice/,Urban Safety Protocols,Verified UK-based personal safety service provider
2025-05-09,Article,Personal Safety Tips | Police Department,ucpd.ucla.edu,https://www.ucpd.ucla.edu/prevention-education/personal-safety-tips,Urban Safety Protocols,"Verified government resource; comprehensive guide offering practical safety tips for various situations, including street precautions, car safety, and public transportation."
2025-05-09,Article,Personal Safety | NC DPS,ncdps.gov,https://www.ncdps.gov/dps-services/public-safety/personal-safety,Urban Safety Protocols,"Verified U.S. state government resource; provides comprehensive personal safety guidelines,and safety measures for various scenarios."
2025-05-09,PDF,Personal Safety Tips,stpaul.gov,https://www.stpaul.gov/sites/default/files/Media%20Root/Police/Personal%20Safety%20Tips.pdf,Urban Safety Protocols,"Verified government resource; comprehensive guide offering practical safety tips for various situations, including home security, car safety, and street precautions."
2025-05-09,Article,Walking at Night Safety Tips - Online Safety Trainer,onlinesafetytrainer.com,https://www.onlinesafetytrainer.com/walking-at-night-safety-tips/,Urban Safety Protocols,"Verified safety training resource; offers comprehensive tips for walking safely at night, emphasizing visibility, situational awareness, and personal security measures."
2025-05-10,Article,Personal Safety and Crime Prevention Tips,brooklyn.edu,https://www.brooklyn.edu/safety/tips/,Urban Safety Protocols,"Verified university resource; provides comprehensive safety guidelines for public streets, vehicles, and campus environments, emphasizing situational awareness and precautionary measures."
2025-05-10,Article,8 Tips to Stay Safe Walking Alone at Night,imabi.com,https://www.imabi.com/blog/walking-alone,Urban Safety Protocols,Verified UK-based personal safety platform; provides practical advice for walking alone at night.
2025-05-10,Article,Crime Prevention Tips – Personal Safety,paloalto.gov,https://www.paloalto.gov/Departments/Police/Crime-Prevention-Tips/Personal-Safety,Urban Safety Protocols,Verified municipal government resource; provides comprehensive personal safety guidelines
2025-05-10,Article,Essential Tips For Safe Urban Travel Experiences - VITA Daily,vitamagazine.com,https://vitamagazine.com/2024/09/12/essential-tips-for-safe-urban-travel-experiences/,Urban Safety Protocols,"Verified lifestyle publication; offers practical advice on navigating public transportation, understanding local traffic laws, utilizing safety apps, and maintaining situational awareness during urban travel."
2025-05-10,Article,Travel Safety when Using Public Transport - Arrive Alive,arrivealive.mobi,https://www.arrivealive.mobi/travel-safety-when-using-public-transport,Travel Precautions and Public Commute Safety,"Verified road safety initiative; offers comprehensive guidelines for safe public transport usage, emphasizing situational awareness, personal security, and adherence to safety protocols."
2025-05-10,Article,Safe Practices for Kids Using Public Transport,crimeawarenesskids.com,https://crimeawarenesskids.com/safe-practices-for-kids-using-public-transport/,Travel Precautions and Public Commute Safety,"Verified educational resource; provides practical safety tips for children using public transport, emphasizing route planning, early arrival, and awareness of surroundings."
2025-05-10,Article,Staying Safe While Commuting: Tips for Women Travelling from PG to Work or College,saigrandwomenspg.com,https://saigrandwomenspg.com/blogs/staying-safe-commuting-women-pg,Travel Precautions and Public Commute Safety,"Verified, Women's Commuting Safety"
2025-05-10,Article,16 Tips For Commuting Safely In The Dark | Peoplesafe,peoplesafe.co.uk,https://peoplesafe.co.uk/blogs/16-safety-tips-for-commuting-safely-in-the-dark/,Travel Precautions and Public Commute Safety,Verified UK-based personal safety provider; offers comprehensive advice for safe commuting in the dark
2025-05-10,Article,Personal Safety Advice,merseytravel.gov.uk,https://www.merseytravel.gov.uk/customer-information/travelsafe/personal-safety-advice/,Travel Precautions and Public Commute Safety,"Verified UK public transport authority; provides comprehensive personal safety guidelines for public transport users,advice on choosing safe seating, staying alert."
2025-05-10,Article,Solo Female Travel Safety: Advice for What Women Worry About,solotravelerworld.com,https://solotravelerworld.com/solo-female-travel-safety-questions/,Travel Precautions and Public Commute Safety,"Verified travel resource; offers practical safety advice for solo female travelers, including strategies for handling inquiries about traveling alone"
2025-05-10,Article,"Tips for a safe, stress-free commute | SoloProtect",soloprotect.com,https://www.soloprotect.com/uk/blog/tips-for-a-safe-commute,Travel Precautions and Public Commute Safety,Verified UK-based personal safety provider; offers comprehensive advice for safe commuting.
2025-05-10,Article,Commuter safety: Prioritizing Safety: Tips for a Secure Commutation,fastercapital.com,https://fastercapital.com/content/Commuter-safety--Prioritizing-Safety--Tips-for-a-Secure-Commutation.html,Travel Precautions and Public Commute Safety,Verified resource; offers comprehensive advice on commuter safety.
2025-05-10,Article,10 tips to stay safe on Public Transport | Walk Easy,wealarms.co.uk,https://wealarms.co.uk/stay-safe-on-public-transport/?srsltid=AfmBOoq1AgXMNZmkVpQ8ycWXNrX-h6TYkw7Zut0t9t7AtDXYE3gOZQIL,Travel Precautions and Public Commute Safety,Verified UK-based personal safety provider; offers practical advice for staying safe on public transport.
2025-05-10,Article,Staying Safe on Public Transport,littleexplainers.com,https://www.littleexplainers.com/public-transport-safety/,Travel Precautions and Public Commute Safety,"Verified educational resource; provides practical safety tips for public transport users, including choosing well-lit areas, staying alert, and understanding basic safety rules."
2025-05-10,Article,Commuter Safety Tips	,SABRE,https://www.sabrered.com/commuter-safety-tips?srsltid=AfmBOopNmdTk3RRJ8tfVuZy_W3mDKkFCmDarkGSlWHlyNTK1O6nZEuk7:,Travel Precautions and Public Commute Safety,"Verified personal safety brand; offers practical tips for commuters, including staying alert, avoiding distractions, and keeping valuables concealed."
2025-05-10,Article,Do you have any advice about personal safety on public transport? | West Yorkshire Police,westyorkshire.police.uk,https://www.westyorkshire.police.uk/ask-the-police/question/Q500,Travel Precautions and Public Commute Safety,Verified UK police resource; provides practical advice for personal safety on public transport.
2025-05-10,Article,"Public Transportation Safety Tips | Springfield, MO - Official Website",springfieldmo.gov,https://www.springfieldmo.gov/307/Public-Transportation-Safety-Tips,Travel Precautions and Public Commute Safety,Verified government resource; provides comprehensive safety guidelines for public transportation users.
2025-05-10,Article,Travel Safety Rules: 10 safety rules to follow while travelling  | Times of India Travel,timesofindia.indiatimes.com,https://timesofindia.indiatimes.com/travel/destinations/10-safety-rules-to-follow-while-travelling/photostory/107517167.cms,Travel Precautions and Public Commute Safety,Verified Indian news publication; provides comprehensive safety guidelines for travelers.
2025-05-10,Article,10 tips to stay safe on Public Transport | Walk Easy,wealarms.co.uk,https://wealarms.co.uk/stay-safe-on-public-transport/?srsltid=AfmBOoq1AgXMNZmkVpQ8ycWXNrX-h6TYkw7Zut0t9t7AtDXYE3gOZQIL,Travel Precautions and Public Commute Safety,Verified UK-based personal safety provider; offers practical advice for staying safe on public transport.
2025-05-10,Article,Navigating Public Transport with Confidence: Safety Tips for Women,yodda.care,https://www.yodda.care/post/publictransportsafetytipsforwomen,Travel Precautions and Public Commute Safety,Verified elder care and safety platform; offers practical safety tips for women using public transport.
2025-05-10,Article,8 top tips to stay safe on public transport,ucl.ac.uk,https://www.ucl.ac.uk/estates/our-services/security-ucl/staying-safe-ucl/8-top-tips-stay-safe-public-transport,Travel Precautions and Public Commute Safety,"Verified UK university resource; offers practical safety tips for public transport users, including route planning, staying alert, using licensed cabs, and reporting suspicious activities."
2025-05-11,Article,Travelling Safety Tips for Children,citizen.goapolice.gov.in,https://citizen.goapolice.gov.in/web/guest/travelling-safety-tips-for-children,Travel Precautions and Public Commute Safety,Official state police website; offers practical travel safety advice specifically for children.
2025-05-11,PDF,"Safety Tips for Foreigners, Tourists and Visitors",uppolice.gov.in,https://uppolice.gov.in/Site-Content/uploaded-content/Web_Page/31_7_2013_12_24_36_foregn%20tourist.pdf,Travel Precautions and Public Commute Safety,Official state police document; provides comprehensive safety advice for foreign visitors.
2025-05-11,Article,"Tips for Train Safety | Rio Metro Regional Transit, NM",riometro.org,https://www.riometro.org/355/Tips-for-Train-Safety,Travel Precautions and Public Commute Safety,Official regional transit authority; provides comprehensive safety tips for train passengers and pedestrians.
2025-05-11,Article,10 Personal Safety Tips for Traveling Alone,sabrered.com,https://www.sabrered.com/blog/10-personal-safety-tips-for-traveling-alone/?srsltid=AfmBOookLBslDhKc-WNZth7mdAYU8mQ8IGGj9WWDGoEYt7WdmucZFN7-,Travel Precautions and Public Commute Safety,Published by a reputable personal safety training organization; offers practical advice for solo travelers.
2025-05-11,Article,Here Are the Fundamentals of Solo Travel Safety,solotravelerworld.com,https://solotravelerworld.com/solo-travel-safety/,Travel Precautions and Public Commute Safety,Reputable solo travel resource; offers practical safety advice for solo travelers.